,subject,condition,encode_phase,response_phase,prop,mem_prop
0,2,CS+,baseline,baseline,0.16666666666666666,0.18181818181818185
1,2,CS+,baseline,acquisition,0.6666666666666666,0.6818181818181818
2,2,CS+,baseline,extinction,0.16666666666666666,0.13636363636363635
3,2,CS+,acquisition,baseline,0.2916666666666667,0.1111111111111111
4,2,CS+,acquisition,acquisition,0.625,0.8333333333333334
5,2,CS+,acquisition,extinction,0.08333333333333333,0.05555555555555555
6,2,CS+,extinction,baseline,0.125,0.13636363636363635
7,2,CS+,extinction,acquisition,0.625,0.6818181818181818
8,2,CS+,extinction,extinction,0.25,0.18181818181818185
9,2,CS-,baseline,baseline,0.2916666666666667,0.1875
10,2,CS-,baseline,acquisition,0.3333333333333333,0.4375
11,2,CS-,baseline,extinction,0.375,0.375
12,2,CS-,acquisition,baseline,0.5833333333333334,0.4444444444444444
13,2,CS-,acquisition,acquisition,0.25,0.4444444444444444
14,2,CS-,acquisition,extinction,0.16666666666666666,0.1111111111111111
15,2,CS-,extinction,baseline,0.4166666666666667,0.5
16,2,CS-,extinction,acquisition,0.25,0.3333333333333333
17,2,CS-,extinction,extinction,0.3333333333333333,0.16666666666666666
18,3,CS+,baseline,baseline,0.5,0.2222222222222222
19,3,CS+,baseline,acquisition,0.25,0.5555555555555556
20,3,CS+,baseline,extinction,0.25,0.2222222222222222
21,3,CS+,acquisition,baseline,0.20833333333333331,0.0
22,3,CS+,acquisition,acquisition,0.4583333333333333,0.6666666666666666
23,3,CS+,acquisition,extinction,0.3333333333333333,0.3333333333333333
24,3,CS+,extinction,baseline,0.2916666666666667,0.2222222222222222
25,3,CS+,extinction,acquisition,0.25,0.2222222222222222
26,3,CS+,extinction,extinction,0.4583333333333333,0.5555555555555556
27,3,CS-,baseline,baseline,0.5,0.375
28,3,CS-,baseline,acquisition,0.375,0.5
29,3,CS-,baseline,extinction,0.125,0.125
30,3,CS-,acquisition,baseline,0.4166666666666667,0.0
31,3,CS-,acquisition,acquisition,0.375,0.0
32,3,CS-,acquisition,extinction,0.20833333333333331,1.0
33,3,CS-,extinction,baseline,0.4166666666666667,0.5
34,3,CS-,extinction,acquisition,0.375,0.25
35,3,CS-,extinction,extinction,0.20833333333333331,0.25
36,4,CS+,baseline,baseline,0.4166666666666667,0.6
37,4,CS+,baseline,acquisition,0.25,0.13333333333333333
38,4,CS+,baseline,extinction,0.3333333333333333,0.26666666666666666
39,4,CS+,acquisition,baseline,0.375,0.5
40,4,CS+,acquisition,acquisition,0.3333333333333333,0.3
41,4,CS+,acquisition,extinction,0.2916666666666667,0.2
42,4,CS+,extinction,baseline,0.25,0.3333333333333333
43,4,CS+,extinction,acquisition,0.375,0.3333333333333333
44,4,CS+,extinction,extinction,0.375,0.3333333333333333
45,4,CS-,baseline,baseline,0.2916666666666667,0.26666666666666666
46,4,CS-,baseline,acquisition,0.4166666666666667,0.4
47,4,CS-,baseline,extinction,0.2916666666666667,0.3333333333333333
48,4,CS-,acquisition,baseline,0.4166666666666667,0.4
49,4,CS-,acquisition,acquisition,0.3333333333333333,0.4
50,4,CS-,acquisition,extinction,0.25,0.2
51,4,CS-,extinction,baseline,0.3333333333333333,0.5
52,4,CS-,extinction,acquisition,0.4583333333333333,0.375
53,4,CS-,extinction,extinction,0.20833333333333331,0.125
54,5,CS+,baseline,baseline,0.04166666666666666,0.043478260869565216
55,5,CS+,baseline,acquisition,0.75,0.7826086956521741
56,5,CS+,baseline,extinction,0.20833333333333331,0.17391304347826084
57,5,CS+,acquisition,baseline,0.08333333333333333,0.045454545454545456
58,5,CS+,acquisition,acquisition,0.875,0.9090909090909092
59,5,CS+,acquisition,extinction,0.04166666666666666,0.045454545454545456
60,5,CS+,extinction,baseline,0.08333333333333333,0.05263157894736842
61,5,CS+,extinction,acquisition,0.7083333333333334,0.8421052631578947
62,5,CS+,extinction,extinction,0.20833333333333331,0.10526315789473684
63,5,CS-,baseline,baseline,0.125,0.10526315789473684
64,5,CS-,baseline,acquisition,0.5416666666666666,0.6842105263157895
65,5,CS-,baseline,extinction,0.3333333333333333,0.21052631578947367
66,5,CS-,acquisition,baseline,0.08333333333333333,0.05882352941176471
67,5,CS-,acquisition,acquisition,0.375,0.5294117647058824
68,5,CS-,acquisition,extinction,0.5416666666666666,0.4117647058823529
69,5,CS-,extinction,baseline,0.125,0.1
70,5,CS-,extinction,acquisition,0.2916666666666667,0.35
71,5,CS-,extinction,extinction,0.5833333333333334,0.55
72,6,CS+,baseline,baseline,0.2916666666666667,0.125
73,6,CS+,baseline,acquisition,0.5416666666666666,0.75
74,6,CS+,baseline,extinction,0.16666666666666666,0.125
75,6,CS+,acquisition,baseline,0.125,0.10526315789473684
76,6,CS+,acquisition,acquisition,0.7083333333333334,0.7368421052631579
77,6,CS+,acquisition,extinction,0.16666666666666666,0.15789473684210525
78,6,CS+,extinction,baseline,0.20833333333333331,0.14285714285714285
79,6,CS+,extinction,acquisition,0.7083333333333334,0.7857142857142857
80,6,CS+,extinction,extinction,0.08333333333333333,0.07142857142857142
81,6,CS-,baseline,baseline,0.4166666666666667,0.0
82,6,CS-,baseline,acquisition,0.25,0.5
83,6,CS-,baseline,extinction,0.3333333333333333,0.5
84,6,CS-,acquisition,baseline,0.5416666666666666,1.0
85,6,CS-,acquisition,acquisition,0.04166666666666666,0.0
86,6,CS-,acquisition,extinction,0.4166666666666667,0.0
87,6,CS-,extinction,baseline,0.375,0.5
88,6,CS-,extinction,acquisition,0.16666666666666666,0.5
89,6,CS-,extinction,extinction,0.4583333333333333,0.0
90,7,CS+,baseline,baseline,0.3333333333333333,0.2857142857142857
91,7,CS+,baseline,acquisition,0.20833333333333331,0.42857142857142855
92,7,CS+,baseline,extinction,0.4583333333333333,0.2857142857142857
93,7,CS+,acquisition,baseline,0.20833333333333331,0.2
94,7,CS+,acquisition,acquisition,0.625,0.7
95,7,CS+,acquisition,extinction,0.16666666666666666,0.1
96,7,CS+,extinction,baseline,0.25,0.0
97,7,CS+,extinction,acquisition,0.3333333333333333,0.625
98,7,CS+,extinction,extinction,0.4166666666666667,0.375
99,7,CS-,baseline,baseline,0.375,0.5
100,7,CS-,baseline,acquisition,0.25,0.25
101,7,CS-,baseline,extinction,0.375,0.25
102,7,CS-,acquisition,baseline,0.5416666666666666,0.3
103,7,CS-,acquisition,acquisition,0.3333333333333333,0.5
104,7,CS-,acquisition,extinction,0.125,0.2
105,7,CS-,extinction,baseline,0.7083333333333334,0.3333333333333333
106,7,CS-,extinction,acquisition,0.08333333333333333,0.3333333333333333
107,7,CS-,extinction,extinction,0.20833333333333331,0.3333333333333333
108,8,CS+,baseline,baseline,0.20833333333333331,0.2
109,8,CS+,baseline,acquisition,0.4166666666666667,0.6
110,8,CS+,baseline,extinction,0.375,0.2
111,8,CS+,acquisition,baseline,0.08333333333333333,0.047619047619047616
112,8,CS+,acquisition,acquisition,0.7916666666666666,0.8095238095238095
113,8,CS+,acquisition,extinction,0.125,0.14285714285714285
114,8,CS+,extinction,baseline,0.16666666666666666,0.1176470588235294
115,8,CS+,extinction,acquisition,0.5,0.5294117647058824
116,8,CS+,extinction,extinction,0.3333333333333333,0.35294117647058826
117,8,CS-,baseline,baseline,0.3333333333333333,0.2307692307692308
118,8,CS-,baseline,acquisition,0.375,0.4615384615384616
119,8,CS-,baseline,extinction,0.2916666666666667,0.3076923076923077
120,8,CS-,acquisition,baseline,0.2916666666666667,0.15384615384615385
121,8,CS-,acquisition,acquisition,0.4166666666666667,0.6153846153846154
122,8,CS-,acquisition,extinction,0.2916666666666667,0.2307692307692308
123,8,CS-,extinction,baseline,0.375,0.4
124,8,CS-,extinction,acquisition,0.3333333333333333,0.5
125,8,CS-,extinction,extinction,0.2916666666666667,0.1
126,9,CS+,baseline,baseline,0.375,0.6666666666666666
127,9,CS+,baseline,acquisition,0.2916666666666667,0.3333333333333333
128,9,CS+,baseline,extinction,0.3333333333333333,0.0
129,9,CS+,acquisition,baseline,0.4583333333333333,0.4117647058823529
130,9,CS+,acquisition,acquisition,0.5,0.5882352941176471
131,9,CS+,acquisition,extinction,0.04166666666666666,0.0
132,9,CS+,extinction,baseline,0.3333333333333333,0.4
133,9,CS+,extinction,acquisition,0.5,0.2
134,9,CS+,extinction,extinction,0.16666666666666666,0.4
135,9,CS-,baseline,baseline,0.2916666666666667,0.16666666666666666
136,9,CS-,baseline,acquisition,0.2916666666666667,0.25
137,9,CS-,baseline,extinction,0.4166666666666667,0.5833333333333334
138,9,CS-,acquisition,baseline,0.04166666666666666,0.0
139,9,CS-,acquisition,acquisition,0.5416666666666666,0.5294117647058824
140,9,CS-,acquisition,extinction,0.4166666666666667,0.4705882352941176
141,9,CS-,extinction,baseline,0.25,0.18181818181818185
142,9,CS-,extinction,acquisition,0.4583333333333333,0.4545454545454545
143,9,CS-,extinction,extinction,0.2916666666666667,0.3636363636363637
144,10,CS+,baseline,baseline,0.2916666666666667,0.2
145,10,CS+,baseline,acquisition,0.20833333333333331,0.2
146,10,CS+,baseline,extinction,0.5,0.6
147,10,CS+,acquisition,baseline,0.0,0.0
148,10,CS+,acquisition,acquisition,0.8333333333333334,0.8260869565217391
149,10,CS+,acquisition,extinction,0.16666666666666666,0.17391304347826084
150,10,CS+,extinction,baseline,0.0,0.0
151,10,CS+,extinction,acquisition,0.7083333333333334,0.8
152,10,CS+,extinction,extinction,0.2916666666666667,0.2
153,10,CS-,baseline,baseline,0.3333333333333333,0.3333333333333333
154,10,CS-,baseline,acquisition,0.125,0.2
155,10,CS-,baseline,extinction,0.5416666666666666,0.4666666666666667
156,10,CS-,acquisition,baseline,0.25,0.2222222222222222
157,10,CS-,acquisition,acquisition,0.04166666666666666,0.0
158,10,CS-,acquisition,extinction,0.7083333333333334,0.7777777777777778
159,10,CS-,extinction,baseline,0.25,0.15384615384615385
160,10,CS-,extinction,acquisition,0.25,0.38461538461538464
161,10,CS-,extinction,extinction,0.5,0.4615384615384616
162,12,CS+,baseline,baseline,0.375,0.4615384615384616
163,12,CS+,baseline,acquisition,0.25,0.3076923076923077
164,12,CS+,baseline,extinction,0.375,0.2307692307692308
165,12,CS+,acquisition,baseline,0.20833333333333331,0.07692307692307693
166,12,CS+,acquisition,acquisition,0.5416666666666666,0.6153846153846154
167,12,CS+,acquisition,extinction,0.25,0.3076923076923077
168,12,CS+,extinction,baseline,0.3333333333333333,0.0
169,12,CS+,extinction,acquisition,0.16666666666666666,0.3333333333333333
170,12,CS+,extinction,extinction,0.5,0.6666666666666666
171,12,CS-,baseline,baseline,0.375,0.6363636363636364
172,12,CS-,baseline,acquisition,0.20833333333333331,0.18181818181818185
173,12,CS-,baseline,extinction,0.4166666666666667,0.18181818181818185
174,12,CS-,acquisition,baseline,0.5416666666666666,0.6666666666666666
175,12,CS-,acquisition,acquisition,0.125,0.3333333333333333
176,12,CS-,acquisition,extinction,0.3333333333333333,0.0
177,12,CS-,extinction,baseline,0.2916666666666667,0.5
178,12,CS-,extinction,acquisition,0.375,0.5
179,12,CS-,extinction,extinction,0.3333333333333333,0.0
180,13,CS+,baseline,baseline,0.375,0.5
181,13,CS+,baseline,acquisition,0.4583333333333333,0.5
182,13,CS+,baseline,extinction,0.16666666666666666,0.0
183,13,CS+,acquisition,baseline,0.3333333333333333,0.25
184,13,CS+,acquisition,acquisition,0.375,0.75
185,13,CS+,acquisition,extinction,0.2916666666666667,0.0
186,13,CS+,extinction,baseline,0.5,0.0
187,13,CS+,extinction,acquisition,0.2916666666666667,1.0
188,13,CS+,extinction,extinction,0.20833333333333331,0.0
189,13,CS-,baseline,baseline,0.75,0.6666666666666666
190,13,CS-,baseline,acquisition,0.04166666666666666,0.0
191,13,CS-,baseline,extinction,0.20833333333333331,0.3333333333333333
192,13,CS-,acquisition,baseline,0.3333333333333333,0.0
193,13,CS-,acquisition,acquisition,0.25,0.5
194,13,CS-,acquisition,extinction,0.4166666666666667,0.5
195,13,CS-,extinction,baseline,0.16666666666666666,0.0
196,13,CS-,extinction,acquisition,0.3333333333333333,0.4
197,13,CS-,extinction,extinction,0.5,0.6
198,14,CS+,baseline,baseline,0.20833333333333331,0.0
199,14,CS+,baseline,acquisition,0.5833333333333334,1.0
200,14,CS+,baseline,extinction,0.20833333333333331,0.0
201,14,CS+,acquisition,baseline,0.16666666666666666,0.0
202,14,CS+,acquisition,acquisition,0.6666666666666666,0.8888888888888888
203,14,CS+,acquisition,extinction,0.16666666666666666,0.1111111111111111
204,14,CS+,extinction,baseline,0.5,0.0
205,14,CS+,extinction,acquisition,0.2916666666666667,1.0
206,14,CS+,extinction,extinction,0.20833333333333331,0.0
207,14,CS-,baseline,baseline,0.375,0.1111111111111111
208,14,CS-,baseline,acquisition,0.5,0.7777777777777778
209,14,CS-,baseline,extinction,0.125,0.1111111111111111
210,14,CS-,acquisition,baseline,0.3333333333333333,0.25
211,14,CS-,acquisition,acquisition,0.25,0.75
212,14,CS-,acquisition,extinction,0.4166666666666667,0.0
213,14,CS-,extinction,baseline,0.3333333333333333,0.0
214,14,CS-,extinction,acquisition,0.25,0.3333333333333333
215,14,CS-,extinction,extinction,0.4166666666666667,0.6666666666666666
216,15,CS+,baseline,baseline,0.08333333333333333,0.1
217,15,CS+,baseline,acquisition,0.8333333333333334,0.9
218,15,CS+,baseline,extinction,0.08333333333333333,0.0
219,15,CS+,acquisition,baseline,0.08333333333333333,0.10526315789473684
220,15,CS+,acquisition,acquisition,0.875,0.8421052631578947
221,15,CS+,acquisition,extinction,0.04166666666666666,0.05263157894736842
222,15,CS+,extinction,baseline,0.0,0.0
223,15,CS+,extinction,acquisition,0.625,0.6
224,15,CS+,extinction,extinction,0.375,0.4
225,15,CS-,baseline,baseline,0.25,0.5
226,15,CS-,baseline,acquisition,0.4166666666666667,0.375
227,15,CS-,baseline,extinction,0.3333333333333333,0.125
228,15,CS-,acquisition,baseline,0.04166666666666666,0.25
229,15,CS-,acquisition,acquisition,0.5833333333333334,0.75
230,15,CS-,acquisition,extinction,0.375,0.0
231,15,CS-,extinction,baseline,0.04166666666666666,0.0
232,15,CS-,extinction,acquisition,0.375,1.0
233,15,CS-,extinction,extinction,0.5833333333333334,0.0
234,16,CS+,baseline,baseline,0.08333333333333333,0.16666666666666666
235,16,CS+,baseline,acquisition,0.5833333333333334,0.8333333333333334
236,16,CS+,baseline,extinction,0.3333333333333333,0.0
237,16,CS+,acquisition,baseline,0.08333333333333333,0.0
238,16,CS+,acquisition,acquisition,0.875,1.0
239,16,CS+,acquisition,extinction,0.04166666666666666,0.0
240,16,CS+,extinction,baseline,0.16666666666666666,0.2
241,16,CS+,extinction,acquisition,0.5833333333333334,0.6
242,16,CS+,extinction,extinction,0.25,0.2
243,16,CS-,baseline,baseline,0.5,0.5
244,16,CS-,baseline,acquisition,0.16666666666666666,0.5
245,16,CS-,baseline,extinction,0.3333333333333333,0.0
246,16,CS-,acquisition,baseline,0.375,1.0
247,16,CS-,acquisition,acquisition,0.125,0.0
248,16,CS-,acquisition,extinction,0.5,0.0
249,16,CS-,extinction,baseline,0.4166666666666667,1.0
250,16,CS-,extinction,acquisition,0.2916666666666667,0.0
251,16,CS-,extinction,extinction,0.2916666666666667,0.0
252,17,CS+,baseline,baseline,0.08333333333333333,0.05
253,17,CS+,baseline,acquisition,0.7083333333333334,0.8
254,17,CS+,baseline,extinction,0.20833333333333331,0.15
255,17,CS+,acquisition,baseline,0.04166666666666666,0.047619047619047616
256,17,CS+,acquisition,acquisition,0.9166666666666666,0.9523809523809524
257,17,CS+,acquisition,extinction,0.04166666666666666,0.0
258,17,CS+,extinction,baseline,0.125,0.0625
259,17,CS+,extinction,acquisition,0.6666666666666666,0.875
260,17,CS+,extinction,extinction,0.20833333333333331,0.0625
261,17,CS-,baseline,baseline,0.2916666666666667,0.2777777777777778
262,17,CS-,baseline,acquisition,0.4583333333333333,0.5
263,17,CS-,baseline,extinction,0.25,0.2222222222222222
264,17,CS-,acquisition,baseline,0.375,0.3333333333333333
265,17,CS-,acquisition,acquisition,0.4583333333333333,0.5333333333333333
266,17,CS-,acquisition,extinction,0.16666666666666666,0.13333333333333333
267,17,CS-,extinction,baseline,0.2916666666666667,0.16666666666666666
268,17,CS-,extinction,acquisition,0.20833333333333331,0.3333333333333333
269,17,CS-,extinction,extinction,0.5,0.5
270,19,CS+,baseline,baseline,0.5416666666666666,0.631578947368421
271,19,CS+,baseline,acquisition,0.125,0.10526315789473684
272,19,CS+,baseline,extinction,0.3333333333333333,0.2631578947368421
273,19,CS+,acquisition,baseline,0.375,0.4666666666666667
274,19,CS+,acquisition,acquisition,0.3333333333333333,0.3333333333333333
275,19,CS+,acquisition,extinction,0.2916666666666667,0.2
276,19,CS+,extinction,baseline,0.16666666666666666,0.26666666666666666
277,19,CS+,extinction,acquisition,0.2916666666666667,0.2
278,19,CS+,extinction,extinction,0.5416666666666666,0.5333333333333333
279,19,CS-,baseline,baseline,0.2916666666666667,0.25
280,19,CS-,baseline,acquisition,0.16666666666666666,0.15
281,19,CS-,baseline,extinction,0.5416666666666666,0.6
282,19,CS-,acquisition,baseline,0.375,0.5625
283,19,CS-,acquisition,acquisition,0.16666666666666666,0.0625
284,19,CS-,acquisition,extinction,0.4583333333333333,0.375
285,19,CS-,extinction,baseline,0.25,0.25
286,19,CS-,extinction,acquisition,0.2916666666666667,0.3125
287,19,CS-,extinction,extinction,0.4583333333333333,0.4375
288,21,CS+,baseline,baseline,0.375,0.4615384615384616
289,21,CS+,baseline,acquisition,0.4583333333333333,0.3076923076923077
290,21,CS+,baseline,extinction,0.16666666666666666,0.2307692307692308
291,21,CS+,acquisition,baseline,0.16666666666666666,0.14285714285714285
292,21,CS+,acquisition,acquisition,0.75,0.7857142857142857
293,21,CS+,acquisition,extinction,0.08333333333333333,0.07142857142857142
294,21,CS+,extinction,baseline,0.08333333333333333,0.3333333333333333
295,21,CS+,extinction,acquisition,0.4166666666666667,0.3333333333333333
296,21,CS+,extinction,extinction,0.5,0.3333333333333333
297,21,CS-,baseline,baseline,0.4166666666666667,0.4
298,21,CS-,baseline,acquisition,0.25,0.3333333333333333
299,21,CS-,baseline,extinction,0.3333333333333333,0.26666666666666666
300,21,CS-,acquisition,baseline,0.2916666666666667,0.35
301,21,CS-,acquisition,acquisition,0.4166666666666667,0.45
302,21,CS-,acquisition,extinction,0.2916666666666667,0.2
303,21,CS-,extinction,baseline,0.5,0.5
304,21,CS-,extinction,acquisition,0.16666666666666666,0.375
305,21,CS-,extinction,extinction,0.3333333333333333,0.125
306,101,CS+,baseline,baseline,0.125,0.0
307,101,CS+,baseline,acquisition,0.4166666666666667,0.75
308,101,CS+,baseline,extinction,0.4583333333333333,0.25
309,101,CS+,acquisition,baseline,0.125,0.0625
310,101,CS+,acquisition,acquisition,0.625,0.875
311,101,CS+,acquisition,extinction,0.25,0.0625
312,101,CS+,extinction,baseline,0.20833333333333331,0.2727272727272727
313,101,CS+,extinction,acquisition,0.4166666666666667,0.7272727272727273
314,101,CS+,extinction,extinction,0.375,0.0
315,101,CS-,baseline,baseline,0.3333333333333333,1.0
316,101,CS-,baseline,acquisition,0.125,0.0
317,101,CS-,baseline,extinction,0.5416666666666666,0.0
318,101,CS-,acquisition,baseline,0.08333333333333333,0.0
319,101,CS-,acquisition,acquisition,0.25,1.0
320,101,CS-,acquisition,extinction,0.6666666666666666,0.0
321,101,CS-,extinction,baseline,0.25,0.0
322,101,CS-,extinction,acquisition,0.3333333333333333,1.0
323,101,CS-,extinction,extinction,0.4166666666666667,0.0
324,102,CS+,baseline,baseline,0.08333333333333333,0.14285714285714285
325,102,CS+,baseline,acquisition,0.16666666666666666,0.14285714285714285
326,102,CS+,baseline,extinction,0.75,0.7142857142857143
327,102,CS+,acquisition,baseline,0.08333333333333333,0.06666666666666668
328,102,CS+,acquisition,acquisition,0.08333333333333333,0.06666666666666668
329,102,CS+,acquisition,extinction,0.8333333333333334,0.8666666666666667
330,102,CS+,extinction,baseline,0.08333333333333333,0.0
331,102,CS+,extinction,acquisition,0.375,0.6
332,102,CS+,extinction,extinction,0.5416666666666666,0.4
333,102,CS-,baseline,baseline,0.04166666666666666,0.0
334,102,CS-,baseline,acquisition,0.25,0.3076923076923077
335,102,CS-,baseline,extinction,0.7083333333333334,0.6923076923076923
336,102,CS-,acquisition,baseline,0.3333333333333333,0.4666666666666667
337,102,CS-,acquisition,acquisition,0.25,0.26666666666666666
338,102,CS-,acquisition,extinction,0.4166666666666667,0.26666666666666666
339,102,CS-,extinction,baseline,0.08333333333333333,0.08333333333333333
340,102,CS-,extinction,acquisition,0.375,0.4166666666666667
341,102,CS-,extinction,extinction,0.5416666666666666,0.5
342,103,CS+,baseline,baseline,0.4583333333333333,0.5789473684210527
343,103,CS+,baseline,acquisition,0.3333333333333333,0.2631578947368421
344,103,CS+,baseline,extinction,0.20833333333333331,0.15789473684210525
345,103,CS+,acquisition,baseline,0.4583333333333333,0.5789473684210527
346,103,CS+,acquisition,acquisition,0.2916666666666667,0.3157894736842105
347,103,CS+,acquisition,extinction,0.25,0.10526315789473684
348,103,CS+,extinction,baseline,0.20833333333333331,0.3333333333333333
349,103,CS+,extinction,acquisition,0.375,0.4166666666666667
350,103,CS+,extinction,extinction,0.4166666666666667,0.25
351,103,CS-,baseline,baseline,0.625,0.5789473684210527
352,103,CS-,baseline,acquisition,0.16666666666666666,0.21052631578947367
353,103,CS-,baseline,extinction,0.20833333333333331,0.21052631578947367
354,103,CS-,acquisition,baseline,0.4583333333333333,0.5625
355,103,CS-,acquisition,acquisition,0.2916666666666667,0.25
356,103,CS-,acquisition,extinction,0.25,0.1875
357,103,CS-,extinction,baseline,0.375,0.42105263157894735
358,103,CS-,extinction,acquisition,0.375,0.3157894736842105
359,103,CS-,extinction,extinction,0.25,0.2631578947368421
360,104,CS+,baseline,baseline,0.2916666666666667,0.2727272727272727
361,104,CS+,baseline,acquisition,0.5833333333333334,0.7272727272727273
362,104,CS+,baseline,extinction,0.125,0.0
363,104,CS+,acquisition,baseline,0.3333333333333333,0.3333333333333333
364,104,CS+,acquisition,acquisition,0.3333333333333333,0.5
365,104,CS+,acquisition,extinction,0.3333333333333333,0.16666666666666666
366,104,CS+,extinction,baseline,0.3333333333333333,0.5
367,104,CS+,extinction,acquisition,0.3333333333333333,0.5
368,104,CS+,extinction,extinction,0.3333333333333333,0.0
369,104,CS-,baseline,baseline,0.2916666666666667,0.5
370,104,CS-,baseline,acquisition,0.4166666666666667,0.5
371,104,CS-,baseline,extinction,0.2916666666666667,0.0
372,104,CS-,acquisition,baseline,0.2916666666666667,0.0
373,104,CS-,acquisition,acquisition,0.4166666666666667,1.0
374,104,CS-,acquisition,extinction,0.2916666666666667,0.0
375,104,CS-,extinction,baseline,0.20833333333333331,0.0
376,104,CS-,extinction,acquisition,0.5833333333333334,1.0
377,104,CS-,extinction,extinction,0.20833333333333331,0.0
378,105,CS+,baseline,baseline,0.4166666666666667,0.4761904761904762
379,105,CS+,baseline,acquisition,0.4166666666666667,0.3809523809523809
380,105,CS+,baseline,extinction,0.16666666666666666,0.14285714285714285
381,105,CS+,acquisition,baseline,0.6666666666666666,0.8
382,105,CS+,acquisition,acquisition,0.2916666666666667,0.2
383,105,CS+,acquisition,extinction,0.04166666666666666,0.0
384,105,CS+,extinction,baseline,0.5833333333333334,0.6153846153846154
385,105,CS+,extinction,acquisition,0.3333333333333333,0.3076923076923077
386,105,CS+,extinction,extinction,0.08333333333333333,0.07692307692307693
387,105,CS-,baseline,baseline,0.4583333333333333,0.4117647058823529
388,105,CS-,baseline,acquisition,0.2916666666666667,0.2352941176470588
389,105,CS-,baseline,extinction,0.25,0.35294117647058826
390,105,CS-,acquisition,baseline,0.3333333333333333,0.5454545454545454
391,105,CS-,acquisition,acquisition,0.4583333333333333,0.3636363636363637
392,105,CS-,acquisition,extinction,0.20833333333333331,0.09090909090909093
393,105,CS-,extinction,baseline,0.3333333333333333,0.3076923076923077
394,105,CS-,extinction,acquisition,0.3333333333333333,0.38461538461538464
395,105,CS-,extinction,extinction,0.3333333333333333,0.3076923076923077
396,106,CS+,baseline,baseline,0.625,0.5833333333333334
397,106,CS+,baseline,acquisition,0.2916666666666667,0.3333333333333333
398,106,CS+,baseline,extinction,0.08333333333333333,0.08333333333333333
399,106,CS+,acquisition,baseline,0.375,0.25
400,106,CS+,acquisition,acquisition,0.625,0.75
401,106,CS+,acquisition,extinction,0.0,0.0
402,106,CS+,extinction,baseline,0.4166666666666667,0.3333333333333333
403,106,CS+,extinction,acquisition,0.4583333333333333,0.6666666666666666
404,106,CS+,extinction,extinction,0.125,0.0
405,106,CS-,baseline,baseline,0.2916666666666667,0.3
406,106,CS-,baseline,acquisition,0.5,0.6
407,106,CS-,baseline,extinction,0.20833333333333331,0.1
408,106,CS-,acquisition,baseline,0.4166666666666667,0.6666666666666666
409,106,CS-,acquisition,acquisition,0.25,0.0
410,106,CS-,acquisition,extinction,0.3333333333333333,0.3333333333333333
411,106,CS-,extinction,baseline,0.20833333333333331,0.2
412,106,CS-,extinction,acquisition,0.20833333333333331,0.2
413,106,CS-,extinction,extinction,0.5833333333333334,0.6
414,107,CS+,baseline,baseline,0.3333333333333333,0.3333333333333333
415,107,CS+,baseline,acquisition,0.4166666666666667,0.5833333333333334
416,107,CS+,baseline,extinction,0.25,0.08333333333333333
417,107,CS+,acquisition,baseline,0.3333333333333333,0.26666666666666666
418,107,CS+,acquisition,acquisition,0.3333333333333333,0.5333333333333333
419,107,CS+,acquisition,extinction,0.3333333333333333,0.2
420,107,CS+,extinction,baseline,0.3333333333333333,0.2857142857142857
421,107,CS+,extinction,acquisition,0.5,0.6428571428571429
422,107,CS+,extinction,extinction,0.16666666666666666,0.07142857142857142
423,107,CS-,baseline,baseline,0.2916666666666667,0.2307692307692308
424,107,CS-,baseline,acquisition,0.25,0.4615384615384616
425,107,CS-,baseline,extinction,0.4583333333333333,0.3076923076923077
426,107,CS-,acquisition,baseline,0.4583333333333333,0.2857142857142857
427,107,CS-,acquisition,acquisition,0.4166666666666667,0.7142857142857143
428,107,CS-,acquisition,extinction,0.125,0.0
429,107,CS-,extinction,baseline,0.4583333333333333,0.5
430,107,CS-,extinction,acquisition,0.2916666666666667,0.375
431,107,CS-,extinction,extinction,0.25,0.125
432,108,CS+,baseline,baseline,0.25,0.16666666666666666
433,108,CS+,baseline,acquisition,0.2916666666666667,0.2777777777777778
434,108,CS+,baseline,extinction,0.4583333333333333,0.5555555555555556
435,108,CS+,acquisition,baseline,0.16666666666666666,0.08333333333333333
436,108,CS+,acquisition,acquisition,0.4166666666666667,0.4166666666666667
437,108,CS+,acquisition,extinction,0.4166666666666667,0.5
438,108,CS+,extinction,baseline,0.2916666666666667,0.2222222222222222
439,108,CS+,extinction,acquisition,0.375,0.1111111111111111
440,108,CS+,extinction,extinction,0.3333333333333333,0.6666666666666666
441,108,CS-,baseline,baseline,0.3333333333333333,0.2307692307692308
442,108,CS-,baseline,acquisition,0.4166666666666667,0.4615384615384616
443,108,CS-,baseline,extinction,0.25,0.3076923076923077
444,108,CS-,acquisition,baseline,0.3333333333333333,0.3333333333333333
445,108,CS-,acquisition,acquisition,0.375,0.6666666666666666
446,108,CS-,acquisition,extinction,0.2916666666666667,0.0
447,108,CS-,extinction,baseline,0.375,0.25
448,108,CS-,extinction,acquisition,0.375,0.5
449,108,CS-,extinction,extinction,0.25,0.25
450,109,CS+,baseline,baseline,0.08333333333333333,0.047619047619047616
451,109,CS+,baseline,acquisition,0.625,0.6666666666666666
452,109,CS+,baseline,extinction,0.2916666666666667,0.2857142857142857
453,109,CS+,acquisition,baseline,0.08333333333333333,0.05
454,109,CS+,acquisition,acquisition,0.6666666666666666,0.8
455,109,CS+,acquisition,extinction,0.25,0.15
456,109,CS+,extinction,baseline,0.0,0.0
457,109,CS+,extinction,acquisition,0.25,0.2777777777777778
458,109,CS+,extinction,extinction,0.75,0.7222222222222222
459,109,CS-,baseline,baseline,0.375,0.4444444444444444
460,109,CS-,baseline,acquisition,0.375,0.3333333333333333
461,109,CS-,baseline,extinction,0.25,0.2222222222222222
462,109,CS-,acquisition,baseline,0.0,0.0
463,109,CS-,acquisition,acquisition,0.8333333333333334,0.8823529411764706
464,109,CS-,acquisition,extinction,0.16666666666666666,0.1176470588235294
465,109,CS-,extinction,baseline,0.125,0.1176470588235294
466,109,CS-,extinction,acquisition,0.5416666666666666,0.7058823529411765
467,109,CS-,extinction,extinction,0.3333333333333333,0.17647058823529413
468,110,CS+,baseline,baseline,0.4166666666666667,0.4117647058823529
469,110,CS+,baseline,acquisition,0.3333333333333333,0.4705882352941176
470,110,CS+,baseline,extinction,0.25,0.1176470588235294
471,110,CS+,acquisition,baseline,0.25,0.2222222222222222
472,110,CS+,acquisition,acquisition,0.375,0.3888888888888889
473,110,CS+,acquisition,extinction,0.375,0.3888888888888889
474,110,CS+,extinction,baseline,0.2916666666666667,0.2727272727272727
475,110,CS+,extinction,acquisition,0.2916666666666667,0.4545454545454545
476,110,CS+,extinction,extinction,0.4166666666666667,0.2727272727272727
477,110,CS-,baseline,baseline,0.20833333333333331,0.2727272727272727
478,110,CS-,baseline,acquisition,0.2916666666666667,0.2727272727272727
479,110,CS-,baseline,extinction,0.5,0.4545454545454545
480,110,CS-,acquisition,baseline,0.20833333333333331,0.1176470588235294
481,110,CS-,acquisition,acquisition,0.20833333333333331,0.17647058823529413
482,110,CS-,acquisition,extinction,0.5833333333333334,0.7058823529411765
483,110,CS-,extinction,baseline,0.25,0.375
484,110,CS-,extinction,acquisition,0.16666666666666666,0.125
485,110,CS-,extinction,extinction,0.5833333333333334,0.5
486,111,CS+,baseline,baseline,0.25,0.2272727272727273
487,111,CS+,baseline,acquisition,0.7083333333333334,0.7272727272727273
488,111,CS+,baseline,extinction,0.04166666666666666,0.045454545454545456
489,111,CS+,acquisition,baseline,0.125,0.13636363636363635
490,111,CS+,acquisition,acquisition,0.7916666666666666,0.8181818181818182
491,111,CS+,acquisition,extinction,0.08333333333333333,0.045454545454545456
492,111,CS+,extinction,baseline,0.125,0.10526315789473684
493,111,CS+,extinction,acquisition,0.875,0.8947368421052632
494,111,CS+,extinction,extinction,0.0,0.0
495,111,CS-,baseline,baseline,0.3333333333333333,0.42857142857142855
496,111,CS-,baseline,acquisition,0.0,0.0
497,111,CS-,baseline,extinction,0.6666666666666666,0.5714285714285714
498,111,CS-,acquisition,baseline,0.25,0.17647058823529413
499,111,CS-,acquisition,acquisition,0.125,0.17647058823529413
500,111,CS-,acquisition,extinction,0.625,0.6470588235294118
501,111,CS-,extinction,baseline,0.25,0.07692307692307693
502,111,CS-,extinction,acquisition,0.125,0.15384615384615385
503,111,CS-,extinction,extinction,0.625,0.7692307692307693
504,112,CS+,baseline,baseline,0.08333333333333333,0.07692307692307693
505,112,CS+,baseline,acquisition,0.7916666666666666,0.9230769230769232
506,112,CS+,baseline,extinction,0.125,0.0
507,112,CS+,acquisition,baseline,0.08333333333333333,0.0
508,112,CS+,acquisition,acquisition,0.7916666666666666,1.0
509,112,CS+,acquisition,extinction,0.125,0.0
510,112,CS+,extinction,baseline,0.08333333333333333,0.0
511,112,CS+,extinction,acquisition,0.5416666666666666,0.6666666666666666
512,112,CS+,extinction,extinction,0.375,0.3333333333333333
513,112,CS-,baseline,baseline,0.2916666666666667,0.2727272727272727
514,112,CS-,baseline,acquisition,0.4583333333333333,0.4545454545454545
515,112,CS-,baseline,extinction,0.25,0.2727272727272727
516,112,CS-,acquisition,baseline,0.5,0.2
517,112,CS-,acquisition,acquisition,0.16666666666666666,0.6
518,112,CS-,acquisition,extinction,0.3333333333333333,0.2
519,112,CS-,extinction,baseline,0.2916666666666667,0.5
520,112,CS-,extinction,acquisition,0.375,0.5
521,112,CS-,extinction,extinction,0.3333333333333333,0.0
522,113,CS+,baseline,baseline,0.4583333333333333,0.625
523,113,CS+,baseline,acquisition,0.20833333333333331,0.375
524,113,CS+,baseline,extinction,0.3333333333333333,0.0
525,113,CS+,acquisition,baseline,0.3333333333333333,0.4444444444444444
526,113,CS+,acquisition,acquisition,0.375,0.4444444444444444
527,113,CS+,acquisition,extinction,0.2916666666666667,0.1111111111111111
528,113,CS+,extinction,baseline,0.4583333333333333,0.75
529,113,CS+,extinction,acquisition,0.3333333333333333,0.25
530,113,CS+,extinction,extinction,0.20833333333333331,0.0
531,113,CS-,baseline,baseline,0.2916666666666667,0.42857142857142855
532,113,CS-,baseline,acquisition,0.3333333333333333,0.2857142857142857
533,113,CS-,baseline,extinction,0.375,0.2857142857142857
534,113,CS-,acquisition,baseline,0.25,0.5
535,113,CS-,acquisition,acquisition,0.4166666666666667,0.5
536,113,CS-,acquisition,extinction,0.3333333333333333,0.0
537,113,CS-,extinction,baseline,0.375,0.25
538,113,CS-,extinction,acquisition,0.3333333333333333,0.5
539,113,CS-,extinction,extinction,0.2916666666666667,0.25
540,114,CS+,baseline,baseline,0.0,0.0
541,114,CS+,baseline,acquisition,0.9166666666666666,1.0
542,114,CS+,baseline,extinction,0.08333333333333333,0.0
543,114,CS+,acquisition,baseline,0.0,0.0
544,114,CS+,acquisition,acquisition,1.0,1.0
545,114,CS+,acquisition,extinction,0.0,0.0
546,114,CS+,extinction,baseline,0.0,0.0
547,114,CS+,extinction,acquisition,0.875,1.0
548,114,CS+,extinction,extinction,0.125,0.0
549,114,CS-,baseline,baseline,0.08333333333333333,0.1
550,114,CS-,baseline,acquisition,0.75,0.9
551,114,CS-,baseline,extinction,0.16666666666666666,0.0
552,114,CS-,acquisition,baseline,0.16666666666666666,0.0
553,114,CS-,acquisition,acquisition,0.5833333333333334,0.8181818181818182
554,114,CS-,acquisition,extinction,0.25,0.18181818181818185
555,114,CS-,extinction,baseline,0.20833333333333331,0.0
556,114,CS-,extinction,acquisition,0.375,0.75
557,114,CS-,extinction,extinction,0.4166666666666667,0.25
558,116,CS+,baseline,baseline,0.08333333333333333,0.0
559,116,CS+,baseline,acquisition,0.6666666666666666,0.8
560,116,CS+,baseline,extinction,0.25,0.2
561,116,CS+,acquisition,baseline,0.08333333333333333,0.0
562,116,CS+,acquisition,acquisition,0.7083333333333334,1.0
563,116,CS+,acquisition,extinction,0.20833333333333331,0.0
564,116,CS+,extinction,baseline,0.125,0.0
565,116,CS+,extinction,acquisition,0.7083333333333334,1.0
566,116,CS+,extinction,extinction,0.16666666666666666,0.0
567,116,CS-,baseline,baseline,0.4166666666666667,0.0
568,116,CS-,baseline,acquisition,0.4166666666666667,1.0
569,116,CS-,baseline,extinction,0.16666666666666666,0.0
570,116,CS-,acquisition,baseline,0.625,0.0
571,116,CS-,acquisition,acquisition,0.20833333333333331,1.0
572,116,CS-,acquisition,extinction,0.16666666666666666,0.0
573,116,CS-,extinction,baseline,0.5416666666666666,0.0
574,116,CS-,extinction,acquisition,0.2916666666666667,1.0
575,116,CS-,extinction,extinction,0.16666666666666666,0.0
576,117,CS+,baseline,baseline,0.4166666666666667,0.3636363636363637
577,117,CS+,baseline,acquisition,0.4166666666666667,0.4545454545454545
578,117,CS+,baseline,extinction,0.16666666666666666,0.18181818181818185
579,117,CS+,acquisition,baseline,0.375,0.3333333333333333
580,117,CS+,acquisition,acquisition,0.3333333333333333,0.3888888888888889
581,117,CS+,acquisition,extinction,0.2916666666666667,0.2777777777777778
582,117,CS+,extinction,baseline,0.08333333333333333,0.2
583,117,CS+,extinction,acquisition,0.3333333333333333,0.4
584,117,CS+,extinction,extinction,0.5833333333333334,0.4
585,117,CS-,baseline,baseline,0.2916666666666667,0.3125
586,117,CS-,baseline,acquisition,0.4166666666666667,0.5
587,117,CS-,baseline,extinction,0.2916666666666667,0.1875
588,117,CS-,acquisition,baseline,0.08333333333333333,0.05263157894736842
589,117,CS-,acquisition,acquisition,0.5833333333333334,0.6842105263157895
590,117,CS-,acquisition,extinction,0.3333333333333333,0.2631578947368421
591,117,CS-,extinction,baseline,0.20833333333333331,0.2222222222222222
592,117,CS-,extinction,acquisition,0.2916666666666667,0.5555555555555556
593,117,CS-,extinction,extinction,0.5,0.2222222222222222
594,118,CS+,baseline,baseline,0.0,0.0
595,118,CS+,baseline,acquisition,0.625,0.8181818181818182
596,118,CS+,baseline,extinction,0.375,0.18181818181818185
597,118,CS+,acquisition,baseline,0.0,0.0
598,118,CS+,acquisition,acquisition,0.6666666666666666,0.8
599,118,CS+,acquisition,extinction,0.3333333333333333,0.2
600,118,CS+,extinction,baseline,0.0,0.0
601,118,CS+,extinction,acquisition,0.4166666666666667,0.8333333333333334
602,118,CS+,extinction,extinction,0.5833333333333334,0.16666666666666666
603,118,CS-,baseline,baseline,0.0,0.0
604,118,CS-,baseline,acquisition,0.5,0.6666666666666666
605,118,CS-,baseline,extinction,0.5,0.3333333333333333
606,118,CS-,acquisition,baseline,0.0,0.0
607,118,CS-,acquisition,acquisition,0.3333333333333333,0.5
608,118,CS-,acquisition,extinction,0.6666666666666666,0.5
609,118,CS-,extinction,baseline,0.0,0.0
610,118,CS-,extinction,acquisition,0.3333333333333333,0.5
611,118,CS-,extinction,extinction,0.6666666666666666,0.5
